{
    "loss": 21.78696632385254,
    "accuracy": 0.48201438784599304
}