{
    "loss": 15.662578582763672,
    "accuracy": 0.5467625856399536
}